{"cameraMode":{"drawMode":0,"name":"Shaded","section":"Shading Mode"},"sceneLighting":true,"audioPlay":false,"sceneViewState":{"showFog":true,"showMaterialUpdate":false,"showSkybox":true,"showFlares":true,"showImageEffects":true,"showParticleSystems":true},"in2DMode":false,"pivot":{"x":-0.012933731079101563,"y":1.1298097372055054,"z":1.5561244487762452},"rotation":{"x":-0.029957681894302369,"y":0.436611533164978,"z":-0.014548352919518948,"w":-0.8990353941917419},"size":1.1257100105285645,"orthographic":false}